{"name":"Aquarius",  "semi_major_axis":1.9146296,        "eccentricity":0.52757318,       "inclination":13.835978,   "longitude_of_ascending_node":137.47694,    "argument_of_periapsis":40.518569,    "period":2.64899,  "tperi":2456854.8083892}
